cleaned_comment,vader_pos,vader_neu,vader_neg,compound_score,ground_truth_label
kenapa di era pak prabowo semua langsung terungkap  krn pak jokowi ud ngumpulin semua bukti dan dikasih semua ke pak prabowo    rival kece,0.0,1.0,0.0,0.0,netral
"desa saya min  
desa plakaran  kec  moga kab  pemalang
lurahnya sudah    th satu keluarga  dua periode suaminya  dua periode istrinya   sekarang mau anaknya  
periksa desa saya pak jaksa tolong",0.103,0.897,0.0,0.4588,positif
ternyata bangsa kita sekaya itu,0.31,0.69,0.0,0.5574,positif
andai perampasan aset udh di sahkan,0.366,0.407,0.228,0.1779,positif
saya yakin di era bapak prabowo indonesia maju,0.35,0.65,0.0,0.5106,positif
mantap ternak mulyono satu persatu terungkap tinggal master mind nya  menyala pak jendral prabowo,0.0,1.0,0.0,0.0,netral
apakah ada yg lbh besar dari kasus  yg sdh diungkap tsb,0.0,1.0,0.0,0.0,netral
semoga bapak jaksa agung st burhanuddin selalu dalam lindungan allah swt aamiin yaa robbal aalamiin,0.244,0.756,0.0,0.4404,positif
nilainya bkan lagi m man ta triliunan,0.255,0.745,0.0,0.34,positif
mainya triliun buset,0.0,1.0,0.0,0.0,netral
kayanya gue gak kaget lagi deh denger duit triliunan,0.0,0.844,0.156,-0.1695,negatif
mas adam mantap,0.577,0.423,0.0,0.6249,positif
kpk tujuannya kmn,0.0,1.0,0.0,0.0,netral
"sekarang gue tau anggaran untuk makan gratis anak sekolah dari mana
menyala pak prabowo",0.202,0.798,0.0,0.5106,positif
uang  sitaan ini di kemanain ya,0.0,1.0,0.0,0.0,netral
ternyata indonesia  sebenrnya kaya    tapi kenapa rakyat masih susah cari kerja,0.107,0.742,0.151,-0.2382,negatif
kami masyarakat indonesia percaya akan kepemimpinan bpk st burhanuddin menjadi jaksa agung ntuk   periode  trimakasih pak presiden jokowi dan pak presiden prabowo subianto,0.153,0.847,0.0,0.6597,positif
sehat selalu bpk st burhanuddin  rakyat butuh org spt anda  seribu satu org spt anda,0.271,0.729,0.0,0.6369,positif
waw kl di gabung smw makan bergizi di sekolah makin cepat terwujud,0.0,1.0,0.0,0.0,netral
data di kumpulkan di era pak jokowi di eksekusi di era pak prabowo   menyala presidenku,0.0,1.0,0.0,0.0,netral
bersama pak burhanuddin kita bersih bersih kawan,0.537,0.463,0.0,0.7003,positif
buset ampe triliun  gua ora liat rupa nya kek mna,0.0,1.0,0.0,0.0,netral
kalo pemerintahan sudah bebenah kita sebagai rakyat juga harus bebenah  naikan sdm  jaga apa yang sudah pemerintah beri  manfaatkan,0.127,0.873,0.0,0.4404,positif
smoga negri ini lebih membaik skrng brada ditngn sesuai bidangnya,0.359,0.641,0.0,0.6808,positif
jangan diragukan lagi si kumis melengkung tidak bisa di tikung,0.209,0.791,0.0,0.2755,positif
tidak ada yg kebal ingat kata pak prabowo di yg punya kuasa sekarang  kalau pak jokowi masi di bawah,0.083,0.833,0.083,0.0,netral
pak periksa bpjs pak,0.0,1.0,0.0,0.0,netral
bpk jokowi yg ngelist data  dan bpk prabowo yg eksekusi  mantab,0.0,1.0,0.0,0.0,netral
jangan macam macam kalo pak prabowo yg naik ri,0.0,1.0,0.0,0.0,netral
negara kita sedang di tangan para pejabat yg pas di bidang ny,0.0,1.0,0.0,0.0,netral
waskita  bansos  bumn  dana haji bisa yok,0.0,1.0,0.0,0.0,netral
alasan pak prabowo masih memilih pak st burhanuddin jadi ja,0.0,1.0,0.0,0.0,netral
sebenarnya kita sudah merdeka kalian sadar nggk sih,0.0,1.0,0.0,0.0,netral
utang negara sedang dipulihkan,0.304,0.38,0.316,-0.0258,netral
mantap prabowo dan para mentri  nya,0.506,0.494,0.0,0.6249,positif
ayo lebih semangat lagi pak bersih bersihnya,0.683,0.317,0.0,0.8234,positif
kejaksaan kita lagi jaya  nya,0.0,1.0,0.0,0.0,netral
sek sekk aq kok ratau delok kpk lgsung grcep la trs kpk krjaan opo iki,0.0,1.0,0.0,0.0,netral
ternyata duit kita banyak ges     harusnya bisa nih bikin rakyat lebih sejahtera  dari ekonomi  pendidikan  kesehatan  dll,0.124,0.876,0.0,0.5256,positif
bisa bikin rumah rakyat indo yg blom punya rumah,0.0,1.0,0.0,0.0,netral
smua sudah ada di catatan pak prabowo  inilah waktu yg tepat,0.0,1.0,0.0,0.0,netral
kalo balik modalnya sebanyak ini  program makan gratis mah kecil  keren smoga negara kita bs lebih baik lagi kedepannya,0.41,0.59,0.0,0.8957,positif
hakim saja ditangkap oleh pak jaksa   mantaap,0.0,0.693,0.307,-0.4767,netral
itu alasan kt pilih prabowo,0.0,1.0,0.0,0.0,netral
lah tugas kpk apaan,0.0,1.0,0.0,0.0,netral
kalo ditotal brp duit itu  ternyata duit skrg susah dicari krn pada ngmpul disana,0.0,0.915,0.085,-0.1027,negatif
"boby kartanegara urus tikus tikus selokan
kejaksaan gaada backingan gua
bobby kartanegara ada pak prabowo
kejaksaan siap laksanakan",0.125,0.799,0.076,0.1027,positif
lanjutkan intregritasmu pak  semoga sehat slalu,0.403,0.597,0.0,0.6597,positif
pertahankan jaksa agung,0.0,1.0,0.0,0.0,netral
sukses  alloh beserta orang  yg lurus,0.583,0.417,0.0,0.6808,positif
kejagung mantap kami bangga memiliki kalian bagus nya kalian yg duduk di mk,0.457,0.543,0.0,0.8779,positif
pertamina apa kabar,0.0,1.0,0.0,0.0,netral
kemana saja uang yg telah di sita,0.0,1.0,0.0,0.0,netral
seht sllu paman,0.0,1.0,0.0,0.0,netral
bukannya hakim mogok minta naik gaji belum lama ini,0.0,0.87,0.13,-0.128,negatif
mantap pa bela yg benar semoga dpt pahala buat nanti   maju trus pa,0.688,0.312,0.0,0.9217,positif
"coba perhatikan kekayan para jaksa diwilayah anda 
bisa gk diterapkan teori pembuktian terbalik asal usul hartanya",0.0,0.949,0.051,-0.1027,negatif
mantap bapak kejagung di era bapak prabowo subianto presiden ri satu persatu kasus mafia hukum dan koruptor di tangkap oleh bapak kejagung,0.045,0.863,0.092,-0.3818,netral
bpk kejaksaan agung tolong beri himbauan di seluruh indonesia audit seluruh kepala desa di indonesia tanpa kecuali klo mmg mau memberantas korupsi,0.141,0.859,0.0,0.3818,positif
podarn lh,0.0,1.0,0.0,0.0,netral
sangat suka,0.581,0.419,0.0,0.4173,positif
kejaksaan agung ri memang luar biasa,0.0,1.0,0.0,0.0,netral
makelar kasus,0.0,1.0,0.0,0.0,netral
pertamina gimana kabarnya ya,0.0,1.0,0.0,0.0,netral
sudah sudahlah,0.0,1.0,0.0,0.0,netral
semoga sehat selalu pak burhannudin bersama tim  semoga selaluu dilindungi oleh allah orang orang yg ingin indonesia lebih baik,0.487,0.513,0.0,0.9217,positif
kasus dinasti gmn,0.0,1.0,0.0,0.0,netral
makin menyala msh byk pr blm kades penjabat pengusaha yg merugikan rakyat bumm dan pertambangan tolong dimiskin kan dan kerja sm penegak hukum d intel,0.069,0.836,0.096,-0.2263,negatif
subhanallah,0.0,1.0,0.0,0.0,positif
assalamu alaikum   mantaap,0.0,1.0,0.0,0.0,positif
kaya nya masih banyak lagi kasus  yg blm terungkap     kejaksaan,0.205,0.795,0.0,0.5574,netral
kasus pertamina apa kabar,0.0,1.0,0.0,0.0,netral
mantap jaksa agung,0.672,0.328,0.0,0.6249,positif
mantep pak jaksa agung,0.0,1.0,0.0,0.0,netral
sidang terbuka  jangan nanti akhirnya cctv hilang biar rakyak tau dan tidak dbahongi,0.0,0.899,0.101,-0.2263,negatif
pikirkan   sebab  akibatnya   pak hakim   pesan rakyat nkri,0.0,1.0,0.0,0.0,netral
drama yg tak sesuai tupoksi,0.0,1.0,0.0,0.0,netral
mntp pk,0.0,1.0,0.0,0.0,netral
semoga istikomah tegas disiplin dgn rido   ijin alloh berkah umurnya,0.404,0.596,0.0,0.7269,positif
mantap  kejagung dan jajaran nya,0.506,0.494,0.0,0.6249,positif
mantap pak jaksa agung,0.577,0.423,0.0,0.6249,positif
lanjutkan bravo kejagung ri,0.0,1.0,0.0,0.0,netral
"jt     jt
untuk bantuan dari presiden ri kepada universitas negeri
yg menghasilkan tiga koma lima milyar    
bantuin         jt
presiden",0.384,0.616,0.0,0.8624,positif
udang di balik batu,0.0,1.0,0.0,0.0,netral
semua hakim  kepolisian   dll,0.0,1.0,0.0,0.0,netral
blok medan,0.0,0.408,0.592,-0.4404,negatif
menteri kehutanan yg memberi mereka konsesi hutan termasuk hutan lindung untuk diubah jadi kebun sawit kayak zulkifli hasan tidak pernah diperiksa,0.19,0.81,0.0,0.6597,positif
kelihatan spt orang bersih semua,0.634,0.366,0.0,0.6369,positif
jaksa super power,0.565,0.435,0.0,0.5994,positif
gmn keterlibatan para jaksa di daerah    kok tidak di periksa   contoh kasus keterlibatan oknum jaksa dikalimantan,0.0,1.0,0.0,0.0,netral
masih tebang pilih,0.0,1.0,0.0,0.0,netral
byk istri,0.0,1.0,0.0,0.0,negatif
super,1.0,0.0,0.0,0.5994,positif
"of pejuang kampung babel semangat
 postingan ini dibagikan via tiktok lite  unduh tiktok lite untuk menikmati",0.34,0.605,0.056,0.7269,positif
just update jamwas sudah diganti bapak rudi margono dan kepala badan digantikan leo e simanjuntak,0.0,1.0,0.0,0.0,netral
okeh  super power   kebal hukum dan ga tersentuh   dpr ga faham tatanegara  bikin uu dgn kwenangan acak kadut,0.291,0.709,0.0,0.8415,positif
mohon distop jual beli jabatan klo mau negara ini jd super power,0.362,0.531,0.106,0.6486,positif
hanya intansi dinas sosial maling korupsi di intansi dinas sosial yang kebal hukum jabatan naik jadi maling di kab kutai timur,0.064,0.838,0.098,-0.296,negatif
store lihat  properti patung dewi keadilan ukuran     cm   tersedia di rp            uk    cm rp           uk    cm rp    ribu di,0.221,0.779,0.0,0.5267,positif
angka angka itu balik ke negaranya berapa,0.14,0.86,0.0,0.0772,positif
tangkap firly,0.0,1.0,0.0,0.0,netral
urang sunda ternyata keren euyy matapp maungna jabar,0.292,0.708,0.0,0.5106,positif
pertama pk dapat apa,0.0,1.0,0.0,0.0,netral
jos pak lanjutkan demi negara ini,0.0,1.0,0.0,0.0,positif
sound musik nya kegedean dari suara narasumber nya min,0.0,1.0,0.0,0.0,netral
bangga punya bapak maung di negeri ini,0.307,0.693,0.0,0.4767,positif
kapan kami diberi kepastian untuk para honorer dan tendik yang cuma r  dan r  pa  kami perlu kepastian bukan sekedar janji saja,0.26,0.651,0.089,0.4966,positif
sehat selalu pak jaksa agung ri,0.231,0.769,0.0,0.4019,positif
org sunda nih bos senggol dong,0.365,0.635,0.0,0.3182,positif
beda nya ada di kontrol om   kpk  wiwi  kejagung  wowo,0.0,1.0,0.0,0.0,netral
erlangga bahlil sulhan erick opung kapan ya,0.0,1.0,0.0,0.0,netral
gaass  poool bapak jaksah dan kpk,0.0,1.0,0.0,0.0,netral
mantaap goodjob kejaksaan agung ri dimudahkan dalam menjlkn tugas aamiin yaa rabbal alamiin,0.0,1.0,0.0,0.0,positif
krennn blgnya krn gk kesenggol aja pak,0.0,1.0,0.0,0.0,netral
pengalihan isu soalnya si budi ari terjerat kasus judol makanya mengkambing hitamkan tom lembong,0.0,0.895,0.105,-0.4019,negatif
suai anggarannya dukman jg cukup besar,0.0,1.0,0.0,0.0,netral
bingung siapa yg ngasih peringkatnya,0.0,0.635,0.365,-0.3182,negatif
banyak punglinya,0.0,1.0,0.0,0.0,netral
surwe pagar laut itu ya bagus   tapi kenyataanya,0.196,0.804,0.0,0.2382,positif
mau tanya  yg cewek itu tb nya brp ya,0.14,0.86,0.0,0.0772,positif
kak mau nanya  itu penempatan kita bisa milih atau ditentuin dari sana,0.222,0.778,0.0,0.4019,positif
kapan dibuka kak,0.0,1.0,0.0,0.0,netral
untuk formasi keshtn bisa kak,0.0,1.0,0.0,0.0,netral
kalau jaksa boleh pakai kacamata ya,0.0,1.0,0.0,0.0,netral
kak kalo d  sistem informasi bisa daftar juga gak kak di kejaksaan itu,0.0,1.0,0.0,0.0,netral
sekarang websate nya ganti lg yo,0.0,1.0,0.0,0.0,netral
pakai ijazah d  ipk      pas itu aman di administrasi kak,0.225,0.775,0.0,0.4404,positif
kak syarat bmi masih berlaku,0.0,1.0,0.0,0.0,netral
ka kalau kejaksaan di pindahin ga si,0.0,1.0,0.0,0.0,netral
alhamdulillah tuhan maha baik   anaku lolos cpns kejaksaan tahun ini,0.267,0.733,0.0,0.4588,positif
bismillah ya allah      rezeki hamba ya allah buat orang tua,0.231,0.769,0.0,0.2732,positif
bismillah ya allah  mudahkan lah hambamu ini ya allah,0.38,0.62,0.0,0.5994,positif
s h  nya susah ya allah,0.0,0.682,0.318,-0.1027,netral
amin dalam nama tuhan yesus,0.259,0.741,0.0,0.2732,positif
amin permudahkan tuhan yesus,0.625,0.375,0.0,0.6124,positif
itu yakin tempat tidur nya hakim ali muhtarom,0.315,0.685,0.0,0.3182,positif
harta hakim ali muhtarom tersebar dijepara,0.0,1.0,0.0,0.0,netral
untung uang cash ku yang   m aku simpen rapih di dalam pikiran ku   jadi gak bakal ada yang nemuin  amanlah pokoknya,0.263,0.595,0.142,0.3472,positif
masak ya itu tempat tidur nya hakim ali muhtarom,0.252,0.748,0.0,0.4019,positif
trnyta     m cmn seiprit itu,0.0,1.0,0.0,0.0,netral
"hakim
jaksa
polisi
tidak ada yg betul sampai kiamat pun juga bakal begini
gimana ya cara mengatasi institusi mereka ini padahal isntitusi mereka tulang punggung penegak hukum loh mau dibawa kemana negara ini kedepan ya tuhan",0.072,0.928,0.0,0.3612,positif
beruntung ny istri hakim ali muhtarom bisa melihat n memegang uang     m secara lgsung,0.191,0.809,0.0,0.5106,positif
pertamina gk ada kabarnya,0.0,1.0,0.0,0.0,netral
yg jd pertanyaan kok bisa sampe tau di kolong kasur,0.0,1.0,0.0,0.0,netral
nggk yakin juga masak sekelas hakim tempat kasurnya seperti itu,0.162,0.711,0.127,0.1376,positif
hakim hakim itu harus diselidiki  kok bisa dapat uang segitu banyak,0.0,1.0,0.0,0.0,netral
sampe sekarang masih mikir duit hasil sitaan dan barang sitaan lari nya kemana ya,0.091,0.909,0.0,0.0258,netral
it dolar apa rupiah kalau   m aja udh hampir pul apa lgi    m lucu wkwkw,0.251,0.749,0.0,0.57,positif
ngk prcaya dikit amat,0.0,1.0,0.0,0.0,netral
orang yg menghujat korupsi hanyalah mereka yg gk kebagian  kalo kebagian juga pasti diem,0.137,0.863,0.0,0.4019,positif
masa iya tempat tdr hakim kumuh gitu,0.0,1.0,0.0,0.0,netral
muhtarom viral,0.0,1.0,0.0,0.0,netral
sgtu kok  m  klo rupiah  m   tmpt tdur  mngkin masih dollar,0.0,1.0,0.0,0.0,netral
"uang sitaan selama ini lari kemana
     
pantau",0.0,1.0,0.0,0.0,netral
kalo duit di sita begini nnti lari kemana ya,0.2,0.8,0.0,0.3612,positif
m ternyata semungil itu ya,0.0,1.0,0.0,0.0,netral
ali muhtarom  pemberi vonis lepas korupsi persetujuan ekspor minyak kelapa sawit  cpo  periode,0.333,0.667,0.0,0.6705,positif
"orang bbilang yakin  m segitu  
 saya bawa  m aja   tas gede keberatan kecuali dalam bentuk dolar 
bro baca caption sebelum komen  sangat disayngkan masih ada warga indonesia yang minim literasi",0.0,1.0,0.0,0.0,netral
kenapa tuyul tidak mencium aroma uang,0.0,1.0,0.0,0.0,netral
kejaksaan agung menangkap kejaksaan negeri   kocak negeri ini,0.0,1.0,0.0,0.0,netral
sdgkan prabowo mau menaikan gaji hakim   cek ada video nya beliau ngomong,0.091,0.909,0.0,0.0772,positif
oh     m itu seukuran itu,0.0,1.0,0.0,0.0,netral
masa hakim tempat tidur nya bgtu,0.0,1.0,0.0,0.0,netral
dolar tah  coba uang rupiah     m  ngk muat tu tas,0.0,0.81,0.19,-0.2755,negatif
masa kamar dn tempat tidur hakim kotor berantakan   apa ga salah itu,0.146,0.688,0.166,-0.089,negatif
rumah hakim kol kyak begitu ya,0.368,0.632,0.0,0.541,positif
ini hakim plg titipan jokowi,0.205,0.795,0.0,0.2023,positif
kejagung kok bisa tau yg kayak gini ya  kl drmh mulyono tau gak ya,0.0,1.0,0.0,0.0,negatif
kok dikit amat     m cuma segitu penampakannya apa dalam bentuk dolar,0.128,0.872,0.0,0.3612,positif
buka nya buru buru amat mentang mentang itu isi nya duit,0.0,1.0,0.0,0.0,netral
bedanya kpk ama kejagung apaan yaa  perasaan yang nanganin kasus korupsi kejagung mulu belakangan ini,0.064,0.936,0.0,0.128,netral
jelek banget kasur y padahal profesi y hakim mau beli kasur semahal apapun pasti bs,0.0,0.854,0.146,-0.5563,negatif
kasur hakim ko kaya kasur suzana,0.419,0.581,0.0,0.5574,netral
liat rumahnya hakim golongan menengah ke bawah uangnya di simpan dan lapisin dg rapih artinya mungkin beliau ga niat nerima gratifikasi bisa jadi klo ga terima nyawa dia atau keluarga terancam,0.094,0.82,0.086,0.0516,positif
hakim ko kamarnya gt,0.344,0.656,0.0,0.2732,positif
uang sitaannya bisa buat subsidi bbm rakyat atw bayar utang jokowi dan sri mulyani ke china,0.0,0.894,0.106,-0.3612,negatif
coba gekedah ke rumah mbah mul untuk mencari ijazah palsu berani ga ya,0.166,0.683,0.151,0.0772,positif
katanya hakim itu wakil tuhan,0.0,1.0,0.0,0.0,netral
hebat ah hakim yg menyidang kasus tom lembong duluan hakim nya yg masuk bui,0.215,0.785,0.0,0.6249,positif
uang segitu tempat begono,0.0,1.0,0.0,0.0,netral
trus wowo kasian dengan hakim  indonesia,0.0,0.822,0.178,-0.0772,negatif
ternyata godaan dari nona celline yg kuat,0.237,0.647,0.115,0.4019,positif
celine bangga punya bapak,0.383,0.617,0.0,0.4767,positif
ternyata tni pemain jg ya,0.0,1.0,0.0,0.0,netral
pernah datang militer kesini     sekali lagi militer,0.0,1.0,0.0,0.0,netral
apalagi kalau ruu tni sampe disahkan,0.0,1.0,0.0,0.0,netral
mba inul pasti bangga sama suami ny,0.307,0.693,0.0,0.4767,positif
maap ini suaminya inul daratista ternyata jaksa agung tah,0.0,0.894,0.106,-0.0772,negatif
seorang militer  apa jadinya jika ruu tni disahkan,0.0,1.0,0.0,0.0,netral
ternyata banyak yg di rahasiakan di negara ini ya,0.0,1.0,0.0,0.0,netral
kaga cokelat kaga ijo sebenernya sama aja cuma klo si ijo mainnya lebih rapi,0.386,0.614,0.0,0.8196,negatif
kapan lagi punya jaksa kaya gini  cuma di era prabowo,0.185,0.815,0.0,0.3612,positif
sy ingin mengabdi  usia sy sudah tua  senada dengan president,0.106,0.894,0.0,0.0772,positif
ada pewaris dari almarhum pa baharuddin lopa,0.0,1.0,0.0,0.0,netral
preeeeetz istri saja dah lima  dgn pasilitas istri presiden,0.0,1.0,0.0,0.0,netral
periksa keluarga mulyono,0.0,1.0,0.0,0.0,netral
berani sekali bpk ini   salam hormat pak  diancam diluluhlantakan aja bpk hadapi dgn tenang  semoga allah melindungimu pak,0.245,0.642,0.113,0.3612,positif
kita di ancam itu bukan takut kehilangan nyawa  tapi takut kehilangan anggota keluarga kita,0.204,0.467,0.329,-0.5693,negatif
rupanya jaksa agung pernah di intervensi dan diancam tni,0.0,0.769,0.231,-0.4588,negatif
tni bersama bandar,0.0,1.0,0.0,0.0,negatif
"apalagi celine
godaannya besar bgt",0.0,1.0,0.0,0.0,netral
"tni pemain udh lama dr jama bhkn dlu      sy msk lps nsa kmbngn   ksus nrkb dn sya ngbrol sma yg ada ksus itu  
dlu brpa ton brng msk yg kawal bintng     intinya mau hijau atau coklat   yg jujur",0.108,0.892,0.0,0.5574,negatif
jirrr sekeelas militer kek gini,0.385,0.615,0.0,0.3612,positif
tolak ruu tni,0.0,0.526,0.474,-0.4019,negatif
pas lulus sma pengen langsung daftar tni gk diijinkan ortu  disuruh kuliah nah pas kuliah gue ikut organisasi kampus gitu la ya kan dan selama gue ikut tuh organisasi gue jadi tau kalau yang busuk itu,0.0,1.0,0.0,0.0,netral
tolong pak  adili si abah,0.365,0.635,0.0,0.3182,netral
kenapa ya kita seakan perang lawan bangsa sendiri,0.162,0.584,0.253,-0.34,negatif
"pak jaksa sebut militer   brti   tni   
trnyata tni kita juga pemain nya",0.263,0.737,0.0,0.6124,positif
"sehat selalu pak jaksa agung 
semoga selalu dlm lindungi tuhan",0.673,0.327,0.0,0.8519,positif
nah tni yg nekan tapi presiden dari tni,0.134,0.866,0.0,0.1406,positif
salam hormat kami bpk burhanuddin,0.583,0.417,0.0,0.4215,positif
kasus pagar laut gimana pak,0.0,1.0,0.0,0.0,netral
dikira ijo ga main  hehehe mereka ga kelihatan aja dan ranahnya emang ga seluas lain  bayangin tar mereka dibekali uu  makin luas aja tar jangkauannya,0.0,0.934,0.066,-0.2584,negatif
jadi ingat kejagung terbakar waktu itu,0.0,0.769,0.231,-0.34,negatif
terus kenapa si tohir gak tersangka,0.239,0.761,0.0,0.2235,positif
apa guna kpk jika mahkamah agung yg bergerak trus untuk membasmi koropsi,0.175,0.825,0.0,0.5574,netral
berani g priksa jokowi pak     trus kemarin bahas apa dgn eric tohir pak,0.0,1.0,0.0,0.0,netral
pantesan di sah kan    rupanya begini ceritanya toh,0.0,1.0,0.0,0.0,netral
dwi fungsi abri itu berbahaya,0.0,0.563,0.437,-0.4767,negatif
kita harus jaga suami mba inul,0.262,0.738,0.0,0.4939,positif
dia cerita tni yg dulu  bkn skrg,0.0,1.0,0.0,0.0,netral
bubur kacang hijau ternyata,0.0,1.0,0.0,0.0,netral
semoga pak jaksa agung burhanudin di beri kesehatan dan keselamatan dunia akhirat,0.297,0.703,0.0,0.6705,positif
sebutkan instansi pemerintahan yg berintegritas di konoha,0.302,0.698,0.0,0.3818,positif
sebutkan siapa pak yg mengintervensi biar rakyat tau,0.0,1.0,0.0,0.0,netral
see  alesan kenapa loreng ijo cokelat sama ajaa,0.263,0.737,0.0,0.3612,netral
bintang   bintang  di langit,0.0,1.0,0.0,0.0,netral
tolong pak presiden  kasih beliau perlindungan yg ketat,0.697,0.303,0.0,0.8481,positif
masih mau kasih ruang kekuasaan buat tni,0.126,0.874,0.0,0.0772,positif
saran saya pakai rompi anti peluru  ingat kasus penembakan di lampu merah,0.0,1.0,0.0,0.0,netral
matanya berkaca kaca  sehat sehat y bapak       slalu dalam lindungan allah swt,0.474,0.526,0.0,0.6597,positif
bismillah jadi adhyaksa muda,0.0,1.0,0.0,0.0,netral
apa daya aku s  dari uin,0.0,1.0,0.0,0.0,netral
semoga kelak anak sy bisa seperti mereka,0.474,0.526,0.0,0.6597,positif
tahun depan aku jadi bagian dari adhiyaksa muda,0.0,1.0,0.0,0.0,netral
ka ada kriteria tb dan bb ga ya,0.0,1.0,0.0,0.0,netral
taun lalu dibulan november selalu berdoa ditiap sujudku agar bisa bergabung dalam keluarga besar adhyaksa  alhamdulillah tahun ini dibulan yg sama bisa bergabung dengan keluarga besar adhyaksa,0.21,0.79,0.0,0.7096,positif
allahumma sholli ala sayyidina muhammad semoga aku cepet nyusull yaaa kakkk,0.293,0.707,0.0,0.4404,positif
kelemahan ku ada di gigi,0.0,0.641,0.359,-0.4215,netral
yallah mimpi aku jdi adhyaksa muda tpi tingginya ga sampai,0.13,0.87,0.0,0.128,positif
g bisa anjrit tinggi gw kurang,0.0,1.0,0.0,0.0,netral
tamatan sma bisa dftar di instansi ini gk kak,0.0,1.0,0.0,0.0,netral
kalok s nya ilkom s  nya hukum bisa masuk kejaksaan gk ya,0.0,1.0,0.0,0.0,netral
bantu doa ya teman teman biar lolos dan dipermudah sampe lulus tgl   mau wawancara pimpinan,0.456,0.544,0.0,0.872,positif
gagal trus di coba lagi dan di coba lagi,0.0,0.645,0.355,-0.5106,negatif
oh god i wish,0.828,0.172,0.0,0.5859,positif
kalo boleh tau kapan buka pendaftaran lagi,0.0,1.0,0.0,0.0,netral
allahumma sholli alaa sayyidina muhammad tahun depan saya gabung adhyaksa aamiin,0.0,1.0,0.0,0.0,netral
januari p l,0.0,1.0,0.0,0.0,netral
pernah buat nama kelompok adhyaksa muda semoga terwujud,0.172,0.828,0.0,0.4019,positif
seharusnya kita wujudkan keadilan di negara ini dengan bergabung adhyaksa,0.274,0.726,0.0,0.5267,positif
aamiin paling serius,0.0,0.715,0.285,-0.1513,negatif
in the name of god  jadikan aku adhyaksa muda di,0.189,0.811,0.0,0.2732,positif
smoga yg mau skb dilancarkan bisa menyusul kakak  seniornya   mudahkan proses nya ya robb,0.256,0.744,0.0,0.5423,positif
izin tanya bagi yg tau mohon bantu menjawab  untuk kaki x bagaimana ya,0.435,0.565,0.0,0.7717,positif
allahumma sholli ala sayyidina muhammad  semogaa aku bisa gini jugaa tahun depaan aamiin,0.366,0.634,0.0,0.6369,positif
kalau ga ipdn kejaksaan,0.0,1.0,0.0,0.0,netral
amin ya allah,0.0,1.0,0.0,0.0,netral
udah nyoba   kali tp hasilnya tetep ga lolos,0.0,0.835,0.165,-0.1967,negatif
allahummasholli ala sayyidina muhammad,0.0,1.0,0.0,0.0,netral
sholli ala sayyidina muhammad semoga aku cepet nyusull yaaa kakkk,0.326,0.674,0.0,0.4404,positif
masyaallah indah bgt,0.0,1.0,0.0,0.0,positif
bismillah untuk tahun inii,0.0,1.0,0.0,0.0,netral
aamiin  semoga tahun ini nyusul,0.367,0.633,0.0,0.4404,positif
kk kalau mata minus bisa masuk ga kk,0.185,0.815,0.0,0.3612,positif
plis thn ini yah,0.818,0.182,0.0,0.5423,positif
allahumma sholli ala muhammad wa ala ali muhammad,0.0,1.0,0.0,0.0,netral
skb      am ready,0.556,0.444,0.0,0.3612,positif
allahumma sholli ala sayyidina muhammad  tahun depan bisa gabung adyaksa aamiin,0.18,0.82,0.0,0.296,positif
aamiin ya allah,0.0,1.0,0.0,0.0,netral
allahumma sholli ala sayyidina muhammad,0.0,1.0,0.0,0.0,netral
nd jdi ambil s h tp msh berharap bisa jd adhyaksa,0.3,0.7,0.0,0.5927,positif
i wish,1.0,0.0,0.0,0.4019,positif
bismillah bismillah allah izinkan jdi bagian kejaksaan      aamiin,0.213,0.787,0.0,0.2263,positif
allahumma sholli ala sayyidina muhammad       adhyaksa muda,0.0,1.0,0.0,0.0,netral
kemarin kuliahh jurusan apa kak,0.0,1.0,0.0,0.0,netral
mbak seragam mu impian kuuu,0.286,0.714,0.0,0.25,positif
"masuk kejaksaan harus jurusan hukum atau gak kak 
btw aku manajemen",0.0,1.0,0.0,0.0,netral
harus kuliah ya,0.0,1.0,0.0,0.0,netral
kak kalo pngen masuk kejaksaan apakah ada batas umur,0.0,1.0,0.0,0.0,netral
kak izin bertanya kalo daftar cpns pake sertifikat toefl prediction bisa gak yh,0.0,1.0,0.0,0.0,netral
kak lulusan sma bisa kah kejaksaan,0.0,1.0,0.0,0.0,netral
kk untuk ambil promasi kejaksaan agung pake ijazah s  manajemen bisa ngk kk   mohon bangu jawabannya kk,0.145,0.855,0.0,0.4995,positif
kak mau nanya  pas cek kesehatan terutama buat formasi jaksa  kalau ada yang varisesnya gimana ya,0.064,0.936,0.0,0.0772,positif
nular cpnsny tahun ini ke aku kak,0.0,1.0,0.0,0.0,netral
kenapa aku ngk pernah beruntung dalam banyak hal,0.0,0.75,0.25,-0.3252,negatif
kak kalo masi kuliah daftar cpns bisa ga sih,0.0,1.0,0.0,0.0,netral
bayar berapa kak,0.0,0.682,0.318,-0.1027,negatif
kaka dulunya jurusan apa,0.0,1.0,0.0,0.0,netral
kak tb bb berapaa,0.0,1.0,0.0,0.0,netral
kak kalo lulusan s  ilmu hukum sama s  hukum sama aja apa ngga ya  untuk formasi s  ilmu hukum banyak ga ya  soalnya ada yg billang s  ilmu hukum sama s  hukum beda apa bener,0.077,0.923,0.0,0.128,positif
hi kak  klo mo dftr ahli pertama jaksa  bisa pke behel,0.0,1.0,0.0,0.0,netral
kak bisa gak lulusan kejaksaan tapi kerja di bagian jampidmil bukan pidsus  pidum,0.0,1.0,0.0,0.0,netral
kak toefl prediction bisa di gunakan daftar cpns kakk,0.0,1.0,0.0,0.0,netral
semoga beberapa tahun lagi aku bisa nyusul,0.351,0.649,0.0,0.4019,positif
kk dinas dmn skrg  itu kalo udh keterima bisa ambil di ptk ga si,0.212,0.788,0.0,0.4995,positif
smk bisa kah,0.0,1.0,0.0,0.0,netral
bismillah semoga tahun ini lulus aaminn,0.0,1.0,0.0,0.0,netral
toefl dimana ka,0.0,1.0,0.0,0.0,netral
kak mau nanya untuk lulusan htn  hes atau hki yg gelarnya sarjana hukum apakah bisa jadi jaksa   karena bnyk sekali simpang siur informasi saya jdi bingung   pdhl gelarnya kn s h harusnya bisa kak,0.032,0.858,0.11,-0.4902,netral
gua kemaren sudah diterima dikejaksaan tapi ada tugas lebih penting menjadi petugas pemadam kebakaran karena itu cita cita saya menolong orang dari musibah,0.0,1.0,0.0,0.0,netral
kak bisa ga si kalau daftar lulusan sma,0.0,1.0,0.0,0.0,netral
ada minimal tb gak kak,0.0,1.0,0.0,0.0,netral
gmna sih kak cara nya percaya dengn kemampuan diri smdri kek insec dengn diri sndri apakah mampu gituu,0.214,0.786,0.0,0.5994,positif
ka mau tanya fotonya klau pake jas boleh ga yaa,0.115,0.885,0.0,0.0772,positif
kak kalau persyaratan rumah sakit harus ad bmi nya dan kmrin aku buat surat rumah skit cman ad tinggi dan berat badan aja gak ada bmi nya gimana yah kak mna aku udah submit lg,0.0,0.901,0.099,-0.296,netral
kak kalo lulusan s  tapi daftar di formasi lulusan sma bisa,0.0,1.0,0.0,0.0,netral
kak bahanya semiwool  merk apa,0.0,1.0,0.0,0.0,netral
semoga seragamnya nular ke aku tahun ini ya kakkkkk,0.206,0.567,0.227,-0.0772,netral
kak aku tb nya       menurut kakak giamna aku lnjut daftar jaksa atau gimana,0.0,1.0,0.0,0.0,netral
tunggu aku jadi junior mu mbakkkk,0.0,1.0,0.0,0.0,netral
hi kakak cantikk mau nanyanih  kalau yg non hijab wajib pendek rambut ya,0.269,0.57,0.161,0.2732,positif
kak mau tanyakk surat belum menikah sama surat belum pernah menikah beda  soalnya aku dah buat surat belum menikah dan d situ d jelasin bahwa aku mmng blm pernh menikah,0.044,0.956,0.0,0.0772,positif
tahun ini ada cpns jadi jaksa ga kak,0.0,1.0,0.0,0.0,netral
kerennn bgtttt sist,0.0,1.0,0.0,0.0,netral
say boleh nanya  dak,0.0,1.0,0.0,0.0,netral
menyalaaaa beb kuhhh,0.0,1.0,0.0,0.0,netral
congraatss kak teaakkk,0.0,1.0,0.0,0.0,netral
semoga tahun ini di lancar kan yok bisa semangat yok,0.346,0.654,0.0,0.6486,positif
salam     ka see u di badiklat,0.412,0.588,0.0,0.4215,positif
manifesting aku lulus pns kementan        amin tuhan yesus,0.0,1.0,0.0,0.0,netral
kak  semoga nular ya,0.0,1.0,0.0,0.0,netral
ya allah bisa ndak ya,0.0,1.0,0.0,0.0,netral
cantek ehh kaka jaksa ni  seruuu,0.0,1.0,0.0,0.0,netral
allah selalu bersama orang yang benar  sehat selalu pak jaksa agung,0.2,0.8,0.0,0.4576,positif
sita seluruh sriwijaya air,0.0,1.0,0.0,0.0,netral
kok gak dipukuli kayak malengya,0.247,0.53,0.223,0.0572,positif
hukumanya apa ya       serius nanya,0.0,0.794,0.206,-0.0772,netral
menunggu vonis semoga bisa di hukum seumur hidup atau di pindahkan ke alam lain para pelaku koruptor,0.212,0.788,0.0,0.5106,positif
tionghoa  hama,0.0,1.0,0.0,0.0,negatif
yaman ni,0.0,1.0,0.0,0.0,negatif
prabowo presiden terbaik sepanjang masa,0.412,0.588,0.0,0.6369,positif
"mau dibawa ke mana pak harta y  kan kita akan kembali ke sang maha pencipta
harta yg kita punya tidak akan kita bawa juga kan  jika tujuan y buat ank cucu  biarkan mereka bekerja keras",0.113,0.841,0.045,0.2732,positif
apa betul betul nanti nya di hukum,0.0,1.0,0.0,0.0,netral
bersihkan samapi akar akar ini semua korupsi jangan biarkan mereka hidup,0.172,0.828,0.0,0.4019,positif
bangka belitung itu banyak polisi rotasi  soalnya kalo ngendap lama disana  tajir melintir  tau sama tau  ade gw pernah buka tambang kecil disana  yg kaya mah pengepul,0.0,1.0,0.0,0.0,netral
di adili ngga ya,0.0,1.0,0.0,0.0,netral
kenapa bisa terjadi seperti ini,0.385,0.615,0.0,0.3612,positif
tinggal bayarnya berapa    tinggal nego sama polisi  jaksa  hakim    tidur di rmh atau hukuman seumur hidup tapi dipotong tiap tahun  tidurnya di rumah,0.046,0.8,0.154,-0.4019,negatif
pak jokowi dan pak prabowo   hebat,0.406,0.594,0.0,0.6249,positif
ya robb  lindungi keluarga pak prabowo  dari perbuatan jahat jin   manusia  jgn lepaskn pak prabowo dari penjagaan mu sekejap mata pun ya robb  kami rakyat di jolimi berharap di dengar presiden kami yg amanah ya robb,0.313,0.601,0.085,0.8672,positif
mas bowo keren  hajar semua para koruptor kelas kakap  satu per satu nonggol    mantab mas wowo,0.126,0.874,0.0,0.3182,positif
itu kasus timah plus bea cukai dah jadi tu ikn  segitu kayanya indonesia kalo g dikorup,0.224,0.776,0.0,0.6825,positif
miskinkan lalu eksekusi pindah alam,0.0,1.0,0.0,0.0,netral
wooohh     m,0.0,1.0,0.0,0.0,netral
apakah benar mau di hukum,0.166,0.521,0.313,-0.3415,negatif
pantesan   thn belakang rakyat jd susah ekonomi naik harga sandang pangan naik korupsi merajalela  di tangan pak prabowo satu persatu tertangkap,0.0,0.876,0.124,-0.6077,netral
pindah kan ke alam lain penjara udah penuh lagian di penjara dia makan enak fasilitas mewah,0.166,0.538,0.296,-0.4404,negatif
prabowo bersih bersih,0.844,0.156,0.0,0.6597,positif
terbaik presiden prabowo,0.677,0.323,0.0,0.6369,positif
untung gak pernah ngerasain pake sriwijaya air,0.398,0.602,0.0,0.5106,positif
mantap pk prabowo,0.0,1.0,0.0,0.0,netral
kalau terbukti uang dan aset nya disita untuk negara dan door,0.108,0.892,0.0,0.1779,positif
semua pesawat sriwijaya air  pindah tangan ke  biar dikelola bumn  ayo  kamu bs bersihkan para koruptor  bersihkan hendry lie grup dkk nya,0.184,0.816,0.0,0.6597,positif
memang luar biasa pak prabowo,0.559,0.441,0.0,0.5859,positif
mantap pak presiden prabowo  dan mas gibran      t  terungkap   uang nya kembali kan lg ke rakyat,0.24,0.76,0.0,0.6249,positif
hukum t mb k,0.0,1.0,0.0,0.0,netral
"prabowo keren g sampai setahun mnjabat udh mnangkap mafia berdasi   
harun masiku tdk nyenyak tidurnya krn kawannannya satu persatu dr jongos banteng yg korupsi ktangkep",0.148,0.852,0.0,0.6597,positif
"t   wooooow         buat mulangin utang  indonesia dulu aja lah 
   guna ngurangi bunga hutang  
   atau modal usaha       seperti properti  dan jalan tol    murah
   tol di sumatra",0.1,0.733,0.167,-0.25,negatif
mntul ktngkep,0.0,1.0,0.0,0.0,netral
bner mantap presiden prabowo,0.577,0.423,0.0,0.6249,positif
"tolong pak prabowo buatkan sel tahanan husus koruptor 
kasih cctv dan tayangin d setiap alun  kota",0.333,0.667,0.0,0.7579,positif
walah satu persatu ketangkap manttul pak,0.0,1.0,0.0,0.0,positif
yg aneh meneger pt timah atau menteri bumn nya gk ter espos  klau dia sama suami sandra dewi cuma jdi vendor subcon  gk mungkin vendor klau gk di setujui menejer bsa jln,0.0,0.886,0.114,-0.4822,negatif
ya allah lindungi pak prabowo beri dia umur panjang agar negara ini bebas korup agar rakyat makmur sejahtrah amin,0.204,0.796,0.0,0.7096,positif
mantap bang prabowo semoga sehat selalu,0.76,0.24,0.0,0.8591,positif
terkait juga petinggi kementrian bumn dan pt timah yang ikut terlibat korupsi,0.0,1.0,0.0,0.0,netral
presidentku menyala,0.0,1.0,0.0,0.0,netral
baru kali ini yg berani presiden menangkap bos pesat   sriwijaya air   yg lain pake daster aja,0.0,1.0,0.0,0.0,netral
luar biasa,1.0,0.0,0.0,0.5574,positif
thun penjara ini,0.0,0.377,0.623,-0.5106,negatif
duit banyak banget,0.0,1.0,0.0,0.0,netral
kejaksaan agung lebih tinggi ya dari dpr,0.0,1.0,0.0,0.0,netral
dan anehnya gaada peringatan darurat  ditambah lagi ketua dpr dipilih lgsg oleh ibunya dan gada yg bilang dinasti,0.0,0.719,0.281,-0.8126,negatif
pencarian gue  suami inul daratista kejaksaan agung,0.0,1.0,0.0,0.0,netral
gini ya rasanya punya presiden latar belakang militer  sat set sat set tanpa ada angin,0.263,0.737,0.0,0.6124,positif
emang luar biasa mbak inul gak salah pilih mas adam,0.514,0.486,0.0,0.7472,positif
yg bisa lengserin ketua dpr itu lembaga apa si   serius tanya,0.0,0.898,0.102,-0.1779,negatif
aku suka gaya pak burhanuddin dan kumis nya,0.238,0.762,0.0,0.3612,positif
fungsinya mulyono    tahun apa,0.0,1.0,0.0,0.0,netral
dpr sarangnya masak iya setuju,0.385,0.615,0.0,0.3612,positif
"kalo wakil rakyat gk mau ngesahin  langsung tanya ke rakyatnya aja pak
biar kita yang ngesahin",0.0,0.925,0.075,-0.0572,negatif
"dekengan pak burhanuddin itu pak prabowo langsung   warga      
jadi ga perlu takut",0.0,0.807,0.193,-0.4341,negatif
knp sih org org dibawah naungan pak prabowo adu prestasi btul jd keren kan liatnya merinding  gimna gt nah,0.139,0.861,0.0,0.3774,positif
sebutin fungsi keuntungan dpr untuk rakyat kecil,0.225,0.775,0.0,0.4404,positif
terus gunanya dpr apa coba,0.0,1.0,0.0,0.0,netral
dpr lama  wajar lihatlah ketuanya dari partai mana,0.197,0.803,0.0,0.4019,positif
perampasan aset   hukuman mati   perfec sdh sayang ga mungkin trjdi,0.067,0.464,0.469,-0.8316,negatif
para menteri sedang berlomba lomba untuk menunjukkan bakat prestasi dan kerja keras    semangat,0.298,0.628,0.073,0.6486,positif
andai kpk sekuat jaman sby,0.268,0.732,0.0,0.5106,positif
bayangin misal si abah menang kemaren  pasti banyak banget yang happy,0.402,0.598,0.0,0.8126,positif
"jaksa agung   kelamaan ah  gas aja langsung  bekingan saya pak presiden kok 
menyala bapak",0.106,0.894,0.0,0.2263,positif
"tanya serius  ketua dpr siapa sih    
tidak sat set gitu se",0.0,0.743,0.257,-0.4234,negatif
pasti inul daratista bangga,0.659,0.341,0.0,0.7003,positif
kek jaman suharto ya di senengin rakyat dulu    tapi nanti pasti ada sswatu hal besar yg bakalan terjadi,0.089,0.911,0.0,0.2144,positif
kl jaksa agung bisa knp ga dr kmren  aj ya,0.0,1.0,0.0,0.0,netral
alhamdulillah progam unggulan pak anis akhirnya di pakai oleh pemerintahan bapak prabowo,0.097,0.903,0.0,0.1027,positif
ini era garuda bung bukan era banteng,0.0,1.0,0.0,0.0,netral
real kah  kok media ga ada liputan,0.0,0.761,0.239,-0.296,netral
kejagung  lama banget nungguinya  udah langsung aja,0.147,0.853,0.0,0.2263,positif
fungsi dpr,0.0,1.0,0.0,0.0,netral
"bukan perkara berlomba unjuk prestasi  tapi memang harus ada ketegasan dan kejujuran dalam memimpin negara ini 
jadi  ayo kita dukung apa yg dilakukan pemimpin kita selagi untuk kemakmuran bersama",0.241,0.729,0.03,0.8493,positif
